<?xml version="1.0" encoding="utf-8" ?>
<Defs>
  
  <JobDef>
    <defName>RimWriter_ReadABook</defName>
    <driverClass>RimWriter.JobDriver_ReadABook</driverClass>
    <reportString>reading.</reportString>
    <joyDuration>4000</joyDuration>
    <joyMaxParticipants>1</joyMaxParticipants>
    <joyGainRate>1</joyGainRate>
    <joySkill>Intellectual</joySkill>
    <joyXpPerTick>0.002</joyXpPerTick>
    <joyKind>Jecrell_Writing</joyKind>
  </JobDef>
  
  <JobDef>
    <defName>RimWriter_ReturnBook</defName>
    <driverClass>RimWriter.JobDriver_ReturnBook</driverClass>
    <reportString>returning TargetA.</reportString>
  </JobDef>
  
  <JobDef>
    <defName>RimWriter_FreeWrite</defName>
    <driverClass>RimWriter.JobDriver_FreeWrite</driverClass>
    <reportString>practice writing.</reportString>
    <joyDuration>4000</joyDuration>
    <joyMaxParticipants>1</joyMaxParticipants>
    <joyGainRate>1</joyGainRate>
    <joySkill>Intellectual</joySkill>
    <joyXpPerTick>0.002</joyXpPerTick>
    <joyKind>Jecrell_Writing</joyKind>
  </JobDef>
  
  <JobDef>
    <defName>RimWriter_AutoWrite</defName>
    <driverClass>JobDriver_SitFacingBuilding</driverClass>
    <reportString>writing automatically.</reportString>
    <joyDuration>4000</joyDuration>
    <joyMaxParticipants>1</joyMaxParticipants>
    <joyGainRate>1</joyGainRate>
    <joySkill>Intellectual</joySkill>
    <joyXpPerTick>0.002</joyXpPerTick>
    <joyKind>Jecrell_Writing</joyKind>
  </JobDef>
  
</Defs>