<?xml version="1.0" encoding="utf-8" ?>
<Defs>

	<RecipeDef>
		<defName>RimWriter_BurnBooks</defName>
		<label>burn books</label>
		<description>Burn unwanted books to completely destroy them without any mess.</description>
		<jobString>Burning books.</jobString>
		<workAmount>60</workAmount>
        <workSpeedStat>GeneralLaborSpeed</workSpeedStat>
		<requiredGiverWorkType>Hauling</requiredGiverWorkType>
		<effectWorking>Cremate</effectWorking>
		<soundWorking>Recipe_Cremate</soundWorking>
		<conceptLearned>RimWriter_BookBurning</conceptLearned>
		<ingredients>
			<li>
				<filter>
					<categories>
						<li>RimWriter_Books</li>
					</categories>
				</filter>
				<count>1</count>
			</li>
		</ingredients>
		<fixedIngredientFilter>
			<categories>
				<li>RimWriter_Books</li>
			</categories>
		</fixedIngredientFilter>
	</RecipeDef>

	<RecipeDef>
		<defName>RimWriter_BurnScrolls</defName>
		<label>burn scrolls</label>
		<description>Burn unwanted scrolls to completely destroy them without any mess.</description>
		<jobString>Burning scrolls.</jobString>
		<workAmount>60</workAmount>
        <workSpeedStat>GeneralLaborSpeed</workSpeedStat>
		<requiredGiverWorkType>Hauling</requiredGiverWorkType>
		<effectWorking>Cremate</effectWorking>
		<soundWorking>Recipe_Cremate</soundWorking>
		<conceptLearned>RimWriter_BookBurning</conceptLearned>
		<ingredients>
			<li>
				<filter>
					<categories>
						<li>RimWriter_Scrolls</li>
					</categories>
				</filter>
				<count>1</count>
			</li>
		</ingredients>
		<fixedIngredientFilter>
			<categories>
				<li>RimWriter_Scrolls</li>
			</categories>
		</fixedIngredientFilter>
	</RecipeDef>

</Defs>
